x_t,y_t,x_t-1,y_t-1,a_x,a_y,direction
8.035068024373616424e+01,2.496368164324490735e+01,8.096348907124212246e+01,2.667539723909966298e+01,-6.128088275059457857e-01,-1.711715595854755856e+00,0.000000000000000000e+00
7.931605337939500089e+01,2.327097020872385613e+01,7.994841089172484772e+01,2.494760900180859409e+01,-6.323575123298486034e-01,-1.676638793084740842e+00,0.000000000000000000e+00
7.826268231753624605e+01,2.161331727987876050e+01,7.891378402738368436e+01,2.325489756728754287e+01,-6.511017098474400910e-01,-1.641580287408783034e+00,0.000000000000000000e+00
7.719136306315608920e+01,1.999069084550832542e+01,7.786041296552494373e+01,2.159724463844244724e+01,-6.690499023688420976e-01,-1.606553792934126035e+00,0.000000000000000000e+00
7.610288298809187779e+01,1.840304546606927616e+01,7.678909371114477267e+01,1.997461820407200861e+01,-6.862107230528966539e-01,-1.571572738002735781e+00,0.000000000000000000e+00
7.499802068664217813e+01,1.685032255914724431e+01,7.570061363608056126e+01,1.838697282463296290e+01,-7.025929494383849061e-01,-1.536650265485720146e+00,0.000000000000000000e+00
7.387754583758470517e+01,1.533245068452445459e+01,7.459575133463087582e+01,1.683424991771093104e+01,-7.182054970461582144e-01,-1.501799233186478011e+00,0.000000000000000000e+00
7.274221907252011476e+01,1.384934582873781039e+01,7.347527648557340285e+01,1.531637804308814133e+01,-7.330574130532756527e-01,-1.467032214350332486e+00,0.000000000000000000e+00
7.159279185046892735e+01,1.240091168902322138e+01,7.233994972050879824e+01,1.383327318730149713e+01,-7.471578700398726625e-01,-1.432361498278277301e+00,0.000000000000000000e+00
7.043000633864731697e+01,1.098703995654437549e+01,7.119052249845762503e+01,1.238483904758690812e+01,-7.605161598102956333e-01,-1.397799091042534192e+00,0.000000000000000000e+00
6.925459529934664715e+01,9.607610598806463287e+00,7.002773698663600044e+01,1.097096731510806222e+01,-7.731416872893550618e-01,-1.363356716301600491e+00,0.000000000000000000e+00
6.806728198284082509e+01,8.262492141157665060e+00,6.885232594733534484e+01,9.591537957370150025e+00,-7.850439644945073070e-01,-1.329045816212486519e+00,0.000000000000000000e+00
6.686878002624445116e+01,6.951541947283491396e+00,6.766501263082952278e+01,8.246419499721351798e+00,-7.962326045850591782e-01,-1.294877552437861956e+00,0.000000000000000000e+00
6.565979335824408736e+01,5.674606498601452387e+00,6.646651067423314885e+01,6.935469305847178134e+00,-8.067173159890490552e-01,-1.260862807245727302e+00,0.000000000000000000e+00
6.444101610962374593e+01,4.431521672465635220e+00,6.525752400623278504e+01,5.658533857165139125e+00,-8.165078966090266732e-01,-1.227012184699505459e+00,0.000000000000000000e+00
6.321313252950552908e+01,3.222113019093253428e+00,6.403874675761244362e+01,4.415449031029321958e+00,-8.256142281069021038e-01,-1.193336011936070085e+00,0.000000000000000000e+00
6.197681690722521353e+01,2.046196037127351985e+00,6.281086317749421966e+01,3.206040377656940166e+00,-8.340462702690008001e-01,-1.159844340529589735e+00,0.000000000000000000e+00
6.073273349976192037e+01,9.035764477521865956e-01,6.157454755521390410e+01,2.030123395691038723e+00,-8.418140554519784047e-01,-1.126546947938853682e+00,0.000000000000000000e+00
5.948153646464059818e+01,-2.059495327201084081e-01,6.033046414775061095e+01,8.875038063158733337e-01,-8.489276831100074361e-01,-1.093453339035983296e+00,0.000000000000000000e+00
5.822386979822525177e+01,-1.282594921870391147e+00,5.907926711262928876e+01,-2.220221741564216700e-01,-8.553973144040316612e-01,-1.060572747713971031e+00,0.000000000000000000e+00
5.696036727932067834e+01,-2.326581701877977082e+00,5.782160044621394235e+01,-1.298667563306704409e+00,-8.612331668932586837e-01,-1.027914138571274227e+00,0.000000000000000000e+00
5.569165241799930754e+01,-3.338140551985148363e+00,5.655809792730936891e+01,-2.342654343314290344e+00,-8.664455093100560390e-01,-9.954862086708595736e-01,0.000000000000000000e+00
5.441833840957008306e+01,-4.317510582793232743e+00,5.528938306598799812e+01,-3.354213193421461625e+00,-8.710446564179097351e-01,-9.632973893717726721e-01,0.000000000000000000e+00
5.314102809360528568e+01,-5.264939072460428804e+00,5.401606905755877364e+01,-4.333583224229546005e+00,-8.750409639534826312e-01,-9.313558482308843534e-01,0.000000000000000000e+00
5.186031391794136880e+01,-6.180681204869543421e+00,5.273875874159397625e+01,-5.281011713896742066e+00,-8.784448236526021248e-01,-8.996694909728029099e-01,0.000000000000000000e+00
5.057677790756892477e+01,-7.064999809831491007e+00,5.145804456593005938e+01,-6.196753846305856683e+00,-8.812666583611292737e-01,-8.682459635256358776e-01,0.000000000000000000e+00
4.929099163832728436e+01,-7.918165105388439429e+00,5.017450855555761535e+01,-7.081072451267804269e+00,-8.835169172303256602e-01,-8.370926541206367144e-01,0.000000000000000000e+00
4.800351621531868318e+01,-8.740454442278320357e+00,4.888872228631597494e+01,-7.934237746824752691e+00,-8.852060709972864316e-01,-8.062166954535692209e-01,0.000000000000000000e+00
4.671490225595640311e+01,-9.532152050620183559e+00,4.760124686330737376e+01,-8.756527083714633619e+00,-8.863446073509653189e-01,-7.756249669055514939e-01,0.000000000000000000e+00
4.542568987756197885e+01,-1.029354878887803437e+01,4.631263290394509369e+01,-9.548224692056496821e+00,-8.869430263831095118e-01,-7.453240968215391060e-01,0.000000000000000000e+00
4.413640868942554363e+01,-1.102494189515869749e+01,4.502342052555066942e+01,-1.030962143031434763e+01,-8.870118361251204675e-01,-7.153204648443514113e-01,0.000000000000000000e+00
4.284757778924380744e+01,-1.172663474089677038e+01,4.373413933741423421e+01,-1.104101453659501075e+01,-8.865615481704214318e-01,-6.856202043017611825e-01,0.000000000000000000e+00
4.155970576385012549e+01,-1.239893658697862122e+01,4.244530843723249802e+01,-1.174270738233308364e+01,-8.856026733823672004e-01,-6.562292046455391326e-01,0.000000000000000000e+00
4.027329069415062435e+01,-1.304216234235428118e+01,4.115743641183881607e+01,-1.241500922841493448e+01,-8.841457176881863944e-01,-6.271531139393482501e-01,0.000000000000000000e+00
3.898882016418105678e+01,-1.365663232518507186e+01,3.987102134213931492e+01,-1.305823498379059444e+01,-8.822011779582528135e-01,-5.983973413944789765e-01,0.000000000000000000e+00
3.770677127419851615e+01,-1.424267202657219400e+01,3.858655081216974736e+01,-1.367270496662138513e+01,-8.797795379712258779e-01,-5.699670599508104285e-01,0.000000000000000000e+00
3.642761065772250362e+01,-1.480061187690978386e+01,3.730450192218720673e+01,-1.425874466800850726e+01,-8.768912644646977839e-01,-5.418672089012781523e-01,0.000000000000000000e+00
3.515179450244003334e+01,-1.533078701490423157e+01,3.602534130571119420e+01,-1.481668451834609712e+01,-8.735468032711555253e-01,-5.141024965581360018e-01,0.000000000000000000e+00
3.387976857488927607e+01,-1.583353705929924615e+01,3.474952515042872392e+01,-1.534685965634054483e+01,-8.697565755394425224e-01,-4.866774029587028760e-01,0.000000000000000000e+00
3.261196824883685252e+01,-1.630920588334457477e+01,3.347749922287796664e+01,-1.584960970073555941e+01,-8.655309740411087915e-01,-4.595961826090169122e-01,0.000000000000000000e+00
3.134881853726373180e+01,-1.675814139204437936e+01,3.220969889682554310e+01,-1.632527852478088803e+01,-8.608803595618059745e-01,-4.328628672634928787e-01,0.000000000000000000e+00
3.009073412787507351e+01,-1.718069530221934826e+01,3.094654918525242238e+01,-1.677421403348069262e+01,-8.558150573773435354e-01,-4.064812687386571977e-01,0.000000000000000000e+00
2.883811942204981449e+01,-1.757722292541480158e+01,2.968846477586376409e+01,-1.719676794365566153e+01,-8.503453538139442713e-01,-3.804549817591416083e-01,0.000000000000000000e+00
2.759136857714563007e+01,-1.794808295368562767e+01,2.843585007003850507e+01,-1.759329556685111484e+01,-8.444814928928696673e-01,-3.547873868345143844e-01,0.000000000000000000e+00
2.635086555207573866e+01,-1.829363724828633053e+01,2.718909922513432065e+01,-1.796415559512194093e+01,-8.382336730585766560e-01,-3.294816531643911528e-01,0.000000000000000000e+00
2.511698415607401813e+01,-1.861425063129376412e+01,2.594859620006442924e+01,-1.830970988972264379e+01,-8.316120439904057804e-01,-3.045407415711218757e-01,0.000000000000000000e+00
2.389008810056544974e+01,-1.891029068018744397e+01,2.471471480406270871e+01,-1.863032327273007738e+01,-8.246267034972536436e-01,-2.799674074573681448e-01,0.000000000000000000e+00
2.267053105405925351e+01,-1.918212752541129618e+01,2.348781874855414031e+01,-1.892636332162375723e+01,-8.172876944948814781e-01,-2.557642037875405006e-01,0.000000000000000000e+00
2.145865669998250524e+01,-1.943013365093881362e+01,2.226826170204794408e+01,-1.919820016684760944e+01,-8.096050020654335100e-01,-2.319334840912057327e-01,0.000000000000000000e+00
2.025479879737252986e+01,-1.965468369786174208e+01,2.105638734797119582e+01,-1.944620629237512688e+01,-8.015885505986606319e-01,-2.084774054866167514e-01,0.000000000000000000e+00
1.905928124434677784e+01,-1.985615427102126773e+01,1.985252944536122044e+01,-1.967075633929805534e+01,-7.932482010144372708e-01,-1.853979317232139490e-01,0.000000000000000000e+00
1.787241814426943876e+01,-2.003492374869858139e+01,1.865701189233546842e+01,-1.987222691245758099e+01,-7.845937480660243324e-01,-1.626968362410019520e-01,0.000000000000000000e+00
1.669451387453455027e+01,-2.019137209538046562e+01,1.747014879225812933e+01,-2.005099639013489465e+01,-7.756349177235737358e-01,-1.403757052455725240e-01,0.000000000000000000e+00
1.552586315788592941e+01,-2.032588067761393802e+01,1.629224452252324085e+01,-2.020744473681677889e+01,-7.663813646373061061e-01,-1.184359407971607020e-01,0.000000000000000000e+00
1.436675113619481436e+01,-2.043883208296231402e+01,1.512359380587461999e+01,-2.034195331905025128e+01,-7.568426696798002951e-01,-9.687876391206430571e-02,0.000000000000000000e+00
1.321745344661657029e+01,-2.053060994207372403e+01,1.396448178418350494e+01,-2.045490472439862728e+01,-7.470283375669293235e-01,-7.570521767509831579e-02,0.000000000000000000e+00
1.207823630004878268e+01,-2.060159875387167006e+01,1.281518409460526087e+01,-2.054668258351003729e+01,-7.369477945564728572e-01,-5.491617036163433385e-02,0.000000000000000000e+00
1.094935656181306882e+01,-2.065218371387557283e+01,1.167596694803747326e+01,-2.061767139530798332e+01,-7.266103862243991074e-01,-3.451231856759108541e-02,0.000000000000000000e+00
9.831061834484412287e+00,-2.068275054565794591e+01,1.054708720980175940e+01,-2.066825635531188610e+01,-7.160253753173417834e-01,-1.449419034606137455e-02,0.000000000000000000e+00
8.723590542791502145e+00,-2.069368533544370337e+01,9.428792482473102865e+00,-2.069882318709425917e+01,-7.052019396815953911e-01,5.137851650554237787e-03,0.000000000000000000e+00
7.627172020513292239e+00,-2.068537436985512556e+01,8.321321190780192723e+00,-2.070975797688001663e+01,-6.941491702668951547e-01,2.438360702488949830e-02,0.000000000000000000e+00
6.542026599296757894e+00,-2.065820397680533915e+01,7.224902668501982816e+00,-2.070144701129143883e+01,-6.828760692052195935e-01,4.324303448609810585e-02,0.000000000000000000e+00
5.468365699322159657e+00,-2.061256036954139859e+01,6.139757247285448472e+00,-2.067427661824165241e+01,-6.713915479632834860e-01,6.171624870025226028e-02,0.000000000000000000e+00
4.406391921742603301e+00,-2.054882949383700463e+01,5.066096347310850234e+00,-2.062863301097771185e+01,-6.597044255682416036e-01,7.980351714070564595e-02,0.000000000000000000e+00
3.356299142825388770e+00,-2.046739687833334642e+01,4.004122569731293879e+00,-2.056490213527331790e+01,-6.478234269058997796e-01,9.750525693996990595e-02,0.000000000000000000e+00
2.318272609723642574e+00,-2.036864748802591407e+01,2.954029790814079348e+00,-2.048346951976965968e+01,-6.357571810904314447e-01,1.148220317437440435e-01,0.000000000000000000e+00
1.292489037807150964e+00,-2.025296558089299737e+01,1.916003257712333152e+00,-2.038472012946222733e+01,-6.235142199051768586e-01,1.317545485692284135e-01,0.000000000000000000e+00
2.791167094823450157e-01,-2.012073456766140112e+01,8.902196857958415421e-01,-2.026903822232931063e+01,-6.111029763134911974e-01,1.483036546679079581e-01,0.000000000000000000e+00
-7.216844255676768682e-01,-1.997233687470291130e+01,-1.231526425289644067e-01,-2.013680720909771438e+01,-5.985317830387071325e-01,1.644703343948015206e-01,0.000000000000000000e+00
-1.709762648792104045e+00,-1.980815381005448472e+01,-1.123953777578986291e+00,-1.998840951613922456e+01,-5.858088712131124254e-01,1.802557060847382875e-01,0.000000000000000000e+00
-2.684974369897402013e+00,-1.962856543255366404e+01,-2.112032000803413467e+00,-1.982422645149079798e+01,-5.729423690939832170e-01,1.956610189371323916e-01,0.000000000000000000e+00
-3.647184022755665112e+00,-1.943395042407986040e+01,-3.087243721908711436e+00,-1.964463807398997730e+01,-5.599403008469483467e-01,2.106876499101153488e-01,0.000000000000000000e+00
-4.596263960162140449e+00,-1.922468596489097337e+01,-4.049453374766974534e+00,-1.945002306551617366e+01,-5.468105853951605866e-01,2.253371006251987385e-01,0.000000000000000000e+00
-5.532094347507133136e+00,-1.900114761204380187e+01,-4.998533312173449872e+00,-1.924075860632728663e+01,-5.335610353336779355e-01,2.396109942834832029e-01,0.000000000000000000e+00
-6.454563055426561391e+00,-1.876370918088569084e+01,-5.934363699518442559e+00,-1.901722025348011513e+01,-5.201993559081135032e-01,2.535110725944227372e-01,0.000000000000000000e+00
-7.363565551494659189e+00,-1.851274262960393457e+01,-6.856832407437870813e+00,-1.877978182232200410e+01,-5.067331440567830469e-01,2.670391927180679748e-01,0.000000000000000000e+00
-8.259004791021341774e+00,-1.824861794681837779e+01,-7.765834903505968612e+00,-1.852881527104024784e+01,-4.931698875153678885e-01,2.801973242218684934e-01,0.000000000000000000e+00
-9.140791107015783012e+00,-1.797170304220185955e+01,-8.661274143032651196e+00,-1.826469058825469105e+01,-4.795169639831265429e-01,2.929875460528299502e-01,0.000000000000000000e+00
-1.000884209937733438e+01,-1.768236364011214334e+01,-9.543060459027092435e+00,-1.798777568363817281e+01,-4.657816403502366698e-01,3.054120435260279098e-01,0.000000000000000000e+00
-1.086308252337318692e+01,-1.738096317621807430e+01,-1.041111145138864380e+01,-1.769843628154845661e+01,-4.519710719845369540e-01,3.174731053303807560e-01,0.000000000000000000e+00
-1.170344417746213672e+01,-1.706786269710197956e+01,-1.126535187538449634e+01,-1.739703581765438756e+01,-4.380923020776359977e-01,3.291731205524064396e-01,0.000000000000000000e+00
-1.252986579052232230e+01,-1.674342076281929792e+01,-1.210571352947344614e+01,-1.708393533853829283e+01,-4.241522610488708822e-01,3.405145757189933509e-01,0.000000000000000000e+00
-1.334229290854016092e+01,-1.640799335239583456e+01,-1.293213514253363172e+01,-1.675949340425561118e+01,-4.101577660065239272e-01,3.515000518597750645e-01,0.000000000000000000e+00
-1.414067778081656357e+01,-1.606193377224203545e+01,-1.374456226055147035e+01,-1.642406599383214783e+01,-3.961155202650888385e-01,3.621322215901108255e-01,0.000000000000000000e+00
-1.492497924574600532e+01,-1.570559256746300036e+01,-1.454294713282787299e+01,-1.607800641367834871e+01,-3.820321129181270536e-01,3.724138462153467888e-01,0.000000000000000000e+00
-1.569516261622251285e+01,-1.533931743604235010e+01,-1.532724859775731474e+01,-1.572166520889931363e+01,-3.679140184651923939e-01,3.823477728569619760e-01,0.000000000000000000e+00
-1.645119956472624168e+01,-1.496345314587708231e+01,-1.609743196823382405e+01,-1.535539007747866336e+01,-3.537675964924150152e-01,3.919369316015794968e-01,0.000000000000000000e+00
-1.719306800814296921e+01,-1.457834145464006070e+01,-1.685346891673755110e+01,-1.497952578731339557e+01,-3.395990914054130561e-01,4.011843326733333104e-01,0.000000000000000000e+00
-1.792075199236823480e+01,-1.418432103244602871e+01,-1.759533736015427863e+01,-1.459441409607637397e+01,-3.254146322139481184e-01,4.100930636303437016e-01,0.000000000000000000e+00
-1.863424157674657167e+01,-1.378172738729642788e+01,-1.832302134437954422e+01,-1.420039367388234197e+01,-3.112202323670245074e-01,4.186662865859125393e-01,0.000000000000000000e+00
-1.933353271839579079e+01,-1.337089279327768310e+01,-1.903651092875788109e+01,-1.379780002873274114e+01,-2.970217896379043210e-01,4.269072354550564885e-01,0.000000000000000000e+00
-2.001862715646464608e+01,-1.295214622148689187e+01,-1.973580207040710022e+01,-1.338696543471399636e+01,-2.828250860575384773e-01,4.348192132271029298e-01,0.000000000000000000e+00
-2.068953229637212132e+01,-1.252581327365854236e+01,-2.042089650847595550e+01,-1.296821886292320514e+01,-2.686357878961634360e-01,4.424055892646612254e-01,0.000000000000000000e+00
-2.134626109407487604e+01,-1.209221611846498234e+01,-2.109180164838343075e+01,-1.254188591509485562e+01,-2.544594456914364700e-01,4.496697966298717208e-01,0.000000000000000000e+00
-2.198883194040886835e+01,-1.165167343046319814e+01,-2.174853044608618546e+01,-1.210828875990129561e+01,-2.403014943226789435e-01,4.566153294380959071e-01,0.000000000000000000e+00
-2.261726854555023536e+01,-1.120450033165955972e+01,-2.239110129242017777e+01,-1.166774607189951141e+01,-2.261672531300536471e-01,4.632457402399501323e-01,0.000000000000000000e+00
-2.323159982363926446e+01,-1.075100833566407488e+01,-2.301953789756154478e+01,-1.122057297309587298e+01,-2.120619260777135140e-01,4.695646374317965499e-01,0.000000000000000000e+00
-2.383185977761059604e+01,-1.029150529440497763e+01,-2.363386917565057388e+01,-1.076708097710038814e+01,-1.979906019600159994e-01,4.755756826954089522e-01,0.000000000000000000e+00
-2.441808738427192083e+01,-9.826295347374035316e+00,-2.423412912962190546e+01,-1.030757793584129089e+01,-1.839582546500109772e-01,4.812825884672540244e-01,0.000000000000000000e+00
-2.499032647967219489e+01,-9.355678873372696103e+00,-2.482035673628323025e+01,-9.842367988810348578e+00,-1.699697433889602594e-01,4.866891154376509210e-01,0.000000000000000000e+00
-2.554862564479985565e+01,-8.879952444728658634e+00,-2.539259583168350431e+01,-9.371751514809009365e+00,-1.560298131163451729e-01,4.917990700803491766e-01,0.000000000000000000e+00
-2.609303809165007237e+01,-8.399408783952011959e+00,-2.595089499681116507e+01,-8.896025086164971896e+00,-1.421430948389020288e-01,4.966163022129583826e-01,0.000000000000000000e+00
-2.662362154969979855e+01,-7.914336722799937718e+00,-2.649530744366138180e+01,-8.415481425388325221e+00,-1.283141060384114795e-01,5.011447025883859485e-01,0.000000000000000000e+00
-2.714043815282776961e+01,-7.425021163718355410e+00,-2.702589090171110797e+01,-7.930409364236250980e+00,-1.145472511166563678e-01,5.053882005178940151e-01,0.000000000000000000e+00
-2.764355432671621315e+01,-6.931743043628777912e+00,-2.754270750483907904e+01,-7.441093805154668672e+00,-1.008468218771270686e-01,5.093507615258892063e-01,0.000000000000000000e+00
-2.813304067676984488e+01,-6.434779300028210969e+00,-2.804582367872752258e+01,-6.947815685065091174e+00,-8.721699804231880515e-02,5.130363850368786505e-01,0.000000000000000000e+00
-2.860897187658684615e+01,-5.934402839369681715e+00,-2.853531002878115430e+01,-6.450851941464524231e+00,-7.366184780568657553e-02,5.164491020948409616e-01,0.000000000000000000e+00
-2.907142655701555611e+01,-5.430882507690689920e+00,-2.901124122859815557e+01,-5.950475480805994977e+00,-6.018532841739349104e-02,5.195929731153035025e-01,0.000000000000000000e+00
-2.952048719582995062e+01,-4.924483063456762011e+00,-2.947369590902686554e+01,-5.446955149127003182e+00,-4.679128680308158872e-02,5.224720856702396166e-01,0.000000000000000000e+00
-2.995624000805577580e+01,-4.415465152586708797e+00,-2.992275654784126004e+01,-4.940555704893075273e+00,-3.348346021451048538e-02,5.250905523063649216e-01,0.000000000000000000e+00
-3.037877483697833725e+01,-3.904085285626425872e+00,-3.035850936006708523e+01,-4.431537794023022059e+00,-2.026547691124674921e-02,5.274525083965946326e-01,0.000000000000000000e+00
-3.078818504586243066e+01,-3.390595817037524995e+00,-3.078104418898964667e+01,-3.920157927062739134e+00,-7.140856872778711395e-03,5.295621100252125846e-01,0.000000000000000000e+00
-3.118456741041341473e+01,-2.875244926567017245e+00,-3.119045439787374008e+01,-3.406668458473838257e+00,5.886987460332393507e-03,5.314235319068194574e-01,0.000000000000000000e+00
-3.156802201200806479e+01,-2.358276602664215460e+00,-3.158683676242472416e+01,-2.891317568003330507e+00,1.881475041666463843e-02,5.330409653391134928e-01,0.000000000000000000e+00
-3.193865213172265882e+01,-1.839930627910664640e+00,-3.197029136401937421e+01,-2.374349244100528722e+00,3.163923229671888881e-02,5.344186161898625276e-01,0.000000000000000000e+00
-3.229656414518505869e+01,-1.320442566428951636e+00,-3.234092148373396469e+01,-1.856003269346977902e+00,4.435733854891660277e-02,5.355607029180247114e-01,0.000000000000000000e+00
-3.264186741827650451e+01,-8.000437532360891169e-01,-3.269883349719636811e+01,-1.336515207865264898e+00,5.696607891986887884e-02,5.364714546291742270e-01,0.000000000000000000e+00
-3.297467420370828961e+01,-2.789612855069627528e-01,-3.304413677028781393e+01,-8.161163946724023788e-01,6.946256657952781799e-02,5.371551091654380716e-01,0.000000000000000000e+00
-3.329509953849721171e+01,2.425819842865628573e-01,-3.337694355571959903e+01,-2.950339269432760148e-01,8.184401722239614818e-02,5.376159112298373177e-01,0.000000000000000000e+00
-3.360326114236315220e+01,7.643674533954509798e-01,-3.369736889050851403e+01,2.265093428502495954e-01,9.410774814537420374e-02,5.378581105451998301e-01,0.000000000000000000e+00
-3.389927931707145348e+01,1.286180772006968454e+00,-3.400553049437445452e+01,7.482948119591377178e-01,1.062511773030098694e-01,5.378859600478291814e-01,0.000000000000000000e+00
-3.418327684674128619e+01,1.807811844686298741e+00,-3.430154866908276290e+01,1.270108130570655192e+00,1.182718223414819803e-01,5.377037141156419953e-01,1.000000000000000000e+00
-3.359550506603898867e+01,1.791746025266697018e+00,-3.458554619875259561e+01,1.791739203249985479e+00,9.900411327136140471e-01,6.822016709973760529e-06,1.000000000000000000e+00
-3.301342204508978284e+01,1.785998738163474542e+00,-3.399777441805029810e+01,1.775673383830383756e+00,9.843523729605152539e-01,1.032535433308922126e-02,1.000000000000000000e+00
-3.243714832092239675e+01,1.790366952484781393e+00,-3.341569139710109937e+01,1.769926096727161280e+00,9.785430761787026199e-01,2.044085575761854859e-02,1.000000000000000000e+00
-3.186679969907653387e+01,1.804647615636437052e+00,-3.283941767293370617e+01,1.774294311048468131e+00,9.726179738571794076e-01,3.035330458796735645e-02,1.000000000000000000e+00
-3.130248730125635959e+01,1.828637735292360844e+00,-3.226906905108783974e+01,1.788574974200123791e+00,9.665817498314890344e-01,4.006276109223548543e-02,1.000000000000000000e+00
-3.074431761391629436e+01,1.862134459709526624e+00,-3.170475665326766901e+01,1.812565093856047582e+00,9.604390393513781987e-01,4.956936585347747337e-02,1.000000000000000000e+00
-3.019239253774144771e+01,1.904935156388262385e+00,-3.114658696592760379e+01,1.846061818273213362e+00,9.541944281861649557e-01,5.887333811504745495e-02,1.000000000000000000e+00
-2.964680943798482815e+01,1.956837489079141790e+00,-3.059466188975275713e+01,1.888862514951949123e+00,9.478524517679307593e-01,6.797497412719109844e-02,1.000000000000000000e+00
-2.910766119562408960e+01,2.017639493138464246e+00,-3.004907878999613757e+01,1.940764847642828528e+00,9.414175943720533013e-01,7.687464549563415017e-02,1.000000000000000000e+00
-2.857503625930098679e+01,2.087139649234934780e+00,-2.950993054763539902e+01,2.001566851702150984e+00,9.348942883344193433e-01,8.557279753278222711e-02,1.000000000000000000e+00
-2.804901869800709235e+01,2.165136955410815744e+00,-2.897730561131229621e+01,2.071067007798621518e+00,9.282869133052091826e-01,9.406994761219265866e-02,1.000000000000000000e+00
-2.752968825447983647e+01,2.251430997501206122e+00,-2.845128805001840178e+01,2.149064313974502483e+00,9.215997955385724083e-01,1.023666835267020708e-01,1.000000000000000000e+00
-2.701712039927312503e+01,2.345822017916056268e+00,-2.793195760649114590e+01,2.235358356064892860e+00,9.148372072180244174e-01,1.104636618511618401e-01,1.000000000000000000e+00
-2.651138638546763815e+01,2.448110982789643231e+00,-2.741938975128443445e+01,2.329749376479743006e+00,9.080033658168025212e-01,1.183616063098986565e-01,1.000000000000000000e+00
-2.601255330398581478e+01,2.558099647503258467e+00,-2.691365573747894757e+01,2.432038341353329969e+00,9.011024334931381219e-01,1.260613061499269438e-01,1.000000000000000000e+00
-2.552068413947759851e+01,2.675590620586987711e+00,-2.641482265599712420e+01,2.542027006066945205e+00,8.941385165195292473e-01,1.335636145200409519e-01,1.000000000000000000e+00
-2.503583782674290958e+01,2.800387426007269198e+00,-2.592295349148890793e+01,2.659517979150674449e+00,8.871156647460054501e-01,1.408694468565931945e-01,1.000000000000000000e+00
-2.455806930765754359e+01,2.932294563847367641e+00,-2.543810717875421901e+01,2.784314784570955936e+00,8.800378710966807461e-01,1.479797792764101505e-01,1.000000000000000000e+00
-2.408742958856975847e+01,3.071117569388260193e+00,-2.496033865966885301e+01,2.916221922411054379e+00,8.729090710990998758e-01,1.548956469772042599e-01,1.000000000000000000e+00
-2.362396579813496800e+01,3.216663070598176688e+00,-2.448969894058106789e+01,3.055044927951946931e+00,8.657331424461034430e-01,1.616181426462282023e-01,1.000000000000000000e+00
-2.316772124555666323e+01,3.368738844039278035e+00,-2.402623515014627742e+01,3.200590429161863426e+00,8.585139045896195142e-01,1.681484148774130549e-01,1.000000000000000000e+00
-2.271873547920209901e+01,3.527153869200574832e+00,-2.356999059756797266e+01,3.352666202602964773e+00,8.512551183658807474e-01,1.744876665976085039e-01,1.000000000000000000e+00
-2.227704434556177659e+01,3.691718381266571924e+00,-2.312100483121340844e+01,3.511081227764261570e+00,8.439604856516345066e-01,1.806371535023088004e-01,1.000000000000000000e+00
-2.184268004852212641e+01,3.862243922331543899e+00,-2.267931369757308602e+01,3.675645739830258663e+00,8.366336490509671542e-01,1.865981825012836826e-01,1.000000000000000000e+00
-2.141567120892143805e+01,4.038543391069907784e+00,-2.224494940053343583e+01,3.846171280895230637e+00,8.292781916120013364e-01,1.923721101746755924e-01,1.000000000000000000e+00
-2.099604292435941844e+01,4.220431090873319135e+00,-2.181794056093274747e+01,4.022470749633594522e+00,8.218976365733365874e-01,1.979603412397230588e-01,1.000000000000000000e+00
-2.058381682923135614e+01,4.407722776465810455e+00,-2.139831227637072786e+01,4.204358449437005874e+00,8.144954471393774931e-01,2.033643270288030269e-01,1.000000000000000000e+00
-2.017901115495829956e+01,4.600235699008468515e+00,-2.098608618124266556e+01,4.391650135029497193e+00,8.070750262843704448e-01,2.085855639789697680e-01,1.000000000000000000e+00
-1.978164079038518963e+01,4.797788649705623243e+00,-2.058128050696960898e+01,4.584163057572155253e+00,7.996397165844242316e-01,2.136255921334664354e-01,1.000000000000000000e+00
-1.939171734231930344e+01,5.000202001924829887e+00,-2.018391014239649905e+01,4.781716008269309981e+00,7.921928000772027190e-01,2.184859936555183513e-01,1.000000000000000000e+00
-1.900924919618190501e+01,5.207297751843352529e+00,-1.979398669433061286e+01,4.984129360488516625e+00,7.847374981487096335e-01,2.231683913548343501e-01,1.000000000000000000e+00
-1.863424157674657522e+01,5.418899557634095032e+00,-1.941151854819321443e+01,5.191225110407039267e+00,7.772769714466475355e-01,2.276744472270542108e-01,1.000000000000000000e+00
-1.826669660893800895e+01,5.634832777204337617e+00,-1.903651092875788464e+01,5.402826916197781770e+00,7.698143198198796888e-01,2.320058610065542926e-01,1.000000000000000000e+00
-1.790661337866571046e+01,5.854924504500946369e+00,-1.866896596094931837e+01,5.618760135768024355e+00,7.623525822836119126e-01,2.361643687329204599e-01,1.000000000000000000e+00
-1.755398799366749429e+01,6.079003604395946780e+00,-1.830888273067701988e+01,5.838851863064633108e+00,7.548947370095306919e-01,2.401517413313121185e-01,1.000000000000000000e+00
-1.720881364433804706e+01,6.306900746166757443e+00,-1.795625734567880372e+01,6.062930962959633518e+00,7.474437013407617680e-01,2.439697832071223704e-01,1.000000000000000000e+00
-1.687108066451857979e+01,6.538448435585564766e+00,-1.761108299634935648e+01,6.290828104730444181e+00,7.400023318307846765e-01,2.476203308551190307e-01,1.000000000000000000e+00
-1.654077659222378216e+01,6.773481045632685493e+00,-1.727335001652988922e+01,6.522375794149251504e+00,7.325734243061103879e-01,2.511052514834324345e-01,1.000000000000000000e+00
-1.621788623028309928e+01,7.011834845848863296e+00,-1.694304594423509158e+01,6.757408404196372231e+00,7.251597139519971869e-01,2.544264416524895100e-01,1.000000000000000000e+00
-1.590239170687350878e+01,7.253348030341957298e+00,-1.662015558229440870e+01,6.995762204412550034e+00,7.177638754209061389e-01,2.575858259294057095e-01,1.000000000000000000e+00
-1.559427253592180840e+01,7.497860744463373806e+00,-1.630466105888481820e+01,7.237275388905644036e+00,7.103885229630155784e-01,2.605853555577282155e-01,1.000000000000000000e+00
-1.529350567735461475e+01,7.745215110170139639e+00,-1.599654188793311782e+01,7.481788103027060544e+00,7.030362105785084026e-01,2.634270071430775406e-01,1.000000000000000000e+00
-1.500006559717506249e+01,7.995255250088526111e+00,-1.569577502936592417e+01,7.729142468733826377e+00,6.957094321908665613e-01,2.661127813546981802e-01,1.000000000000000000e+00
-1.471392432734538858e+01,8.247827310295409831e+00,-1.540233494918637192e+01,7.979182608652212849e+00,6.884106218409891120e-01,2.686447016431954271e-01,1.000000000000000000e+00
-1.443505152545528958e+01,8.502779481833723452e+00,-1.511619367935669800e+01,8.231754668859096569e+00,6.811421539014128612e-01,2.710248129746253287e-01,1.000000000000000000e+00
-1.416341453415633644e+01,8.759962020978612429e+00,-1.483732087746659900e+01,8.486706840397410190e+00,6.739063433102687739e-01,2.732551805812006851e-01,1.000000000000000000e+00
-1.389897844034327434e+01,9.019227268270903153e+00,-1.456568388616764587e+01,8.743889379542299167e+00,6.667054458243759640e-01,2.753378887286024312e-01,1.000000000000000000e+00
-1.364170613406337473e+01,9.280429666334917727e+00,-1.430124779235458377e+01,9.003154626834589891e+00,6.595416582912152492e-01,2.772750395003262813e-01,1.000000000000000000e+00
-1.339155836713573322e+01,9.543425776497517887e+00,-1.404397548607468416e+01,9.264357024898604465e+00,6.524171189389553760e-01,2.790687515989118683e-01,1.000000000000000000e+00
-1.314849381146264840e+01,9.808074294225701095e+00,-1.379382771914704264e+01,9.527353135061204625e+00,6.453339076844004651e-01,2.807211591644949156e-01,1.000000000000000000e+00
-1.291246911701581368e+01,1.007423606339995459e+01,-1.355076316347395782e+01,9.792001652789387833e+00,6.382940464581503548e-01,2.822344106105652006e-01,1.000000000000000000e+00
-1.268343896948053739e+01,1.034177408944085386e+01,-1.331473846902712310e+01,1.005816342196364133e+01,6.312994995465892600e-01,2.836106674772109759e-01,1.000000000000000000e+00
-1.246135614754162546e+01,1.061055355130646660e+01,-1.308570832149184682e+01,1.032570144800454059e+01,6.243521739502266854e-01,2.848521033019244530e-01,1.000000000000000000e+00
-1.224617157979504256e+01,1.088044181237816055e+01,-1.286362549955293488e+01,1.059448090987015334e+01,6.174539197578976513e-01,2.859609025080056544e-01,1.000000000000000000e+00
-1.203783440126996318e+01,1.115130843025263019e+01,-1.264844093180635198e+01,1.086436917094184729e+01,6.106065305363950202e-01,2.869392593107813472e-01,1.000000000000000000e+00
-1.183629200954630534e+01,1.142302516545792024e+01,-1.244010375328127260e+01,1.113523578881631693e+01,6.038117437349734828e-01,2.877893766416017574e-01,1.000000000000000000e+00
-1.164149012045313469e+01,1.169546598911140123e+01,-1.223856136155761476e+01,1.140695252402160698e+01,5.970712411044836188e-01,2.885134650897926978e-01,1.000000000000000000e+00
-1.145337282333410123e+01,1.196850708953764908e+01,-1.204375947246444412e+01,1.167939334767508797e+01,5.903866491303491060e-01,2.891137418625595590e-01,1.000000000000000000e+00
-1.127188263586615591e+01,1.224202687786429244e+01,-1.185564217534541065e+01,1.195243444810133582e+01,5.837595394792600700e-01,2.895924297629550725e-01,1.000000000000000000e+00
-1.109696055841853202e+01,1.251590599261387737e+01,-1.167415198787746533e+01,1.222595423642797918e+01,5.771914294589386429e-01,2.899517561858966364e-01,1.000000000000000000e+00
-1.092854612793927771e+01,1.279002730330994808e+01,-1.149922991042984144e+01,1.249983335117756411e+01,5.706837824905681700e-01,2.901939521323824156e-01,1.000000000000000000e+00
-1.076657747135709187e+01,1.306427591311545910e+01,-1.133081547995058713e+01,1.277395466187363482e+01,5.642380085935005951e-01,2.903212512418227309e-01,1.000000000000000000e+00
-1.061099135848668418e+01,1.333853916052173005e+01,-1.116884682336840129e+01,1.304820327167914584e+01,5.578554648817233286e-01,2.903358888425826567e-01,1.000000000000000000e+00
-1.046172325442628370e+01,1.361270662010617549e+01,-1.101326071049799360e+01,1.332246651908541679e+01,5.515374560717152264e-01,2.902401010207571463e-01,1.000000000000000000e+00
-1.031870737143635353e+01,1.388667010237702826e+01,-1.086399260643759312e+01,1.359663397866986223e+01,5.452852350012449278e-01,2.900361237071644727e-01,1.000000000000000000e+00
-1.018187672028905055e+01,1.416032365272325855e+01,-1.072097672344766295e+01,1.387059746094071500e+01,5.391000031586177244e-01,2.897261917825419975e-01,1.000000000000000000e+00
-1.005116316107824481e+01,1.443356354948798526e+01,-1.058414607230035998e+01,1.414425101128694529e+01,5.329829112221204923e-01,2.893125382010384161e-01,1.000000000000000000e+00
-9.926497453480546795e+00,1.470628830118350372e+01,-1.045343251308955423e+01,1.441749090805167199e+01,5.269350596090127681e-01,2.887973931318301712e-01,1.000000000000000000e+00
-9.807809306457988541e+00,1.497839864286622991e+01,-1.032876680549185622e+01,1.469021565974719046e+01,5.209574990338730061e-01,2.881829831190378943e-01,1.000000000000000000e+00
-9.695027427393577923e+00,1.524979753168963725e+01,-1.021007865846929796e+01,1.496232600142991664e+01,5.150512310757253687e-01,2.874715302597190547e-01,1.000000000000000000e+00
-9.588079570651229844e+00,1.552039014165341868e+01,-1.009729677940488735e+01,1.523372489025332399e+01,5.092172087536628311e-01,2.866652514000931351e-01,1.000000000000000000e+00
-9.486892585552066492e+00,1.579008385756689847e+01,-9.990348922662539266e+00,1.550431750021710542e+01,5.034563371104781027e-01,2.857663573497914999e-01,1.000000000000000000e+00
-9.391392463759423492e+00,1.605878826824482530e+01,-9.889161937563375915e+00,1.577401121613058521e+01,4.977694738039576960e-01,2.847770521142385380e-01,1.000000000000000000e+00
-9.301504386065284180e+00,1.632641515895349471e+01,-9.793661815770732915e+00,1.604271562680851204e+01,4.921574297054540081e-01,2.836995321449793384e-01,1.000000000000000000e+00
-9.217152768571299504e+00,1.659287850312517776e+01,-9.703773738076593602e+00,1.631034251751717790e+01,4.866209695052993722e-01,2.825359856079983079e-01,1.000000000000000000e+00
-9.138261308257854765e+00,1.685809445335879531e+01,-9.619422120582608926e+00,1.657680586168886805e+01,4.811608123247594349e-01,2.812885916699274791e-01,1.000000000000000000e+00
-9.064753027935111618e+00,1.712198133172451264e+01,-9.540530660269164187e+00,1.684202181192248204e+01,4.757776323340578428e-01,2.799595198020308207e-01,1.000000000000000000e+00
-8.996550320570220194e+00,1.738445961939018147e+01,-9.467022379946421040e+00,1.710590869028820293e+01,4.704720593762061198e-01,2.785509291019787614e-01,1.000000000000000000e+00
-8.933574992985359842e+00,1.764545194558715124e+01,-9.398819672581529616e+00,1.736838697795386821e+01,4.652446795961750481e-01,2.770649676332814781e-01,1.000000000000000000e+00
-8.875748308921556529e+00,1.790488307593308548e+01,-9.335844344996669264e+00,1.762937930415083798e+01,4.600960360751180089e-01,2.755037717822459431e-01,1.000000000000000000e+00
-8.822991031463610412e+00,1.816267990012927669e+01,-9.278017660932865951e+00,1.788881043449677222e+01,4.550266294692608127e-01,2.738694656325029175e-01,1.000000000000000000e+00
-8.775223464821822361e+00,1.841877141904979354e+01,-9.225260383474919834e+00,1.814660725869296343e+01,4.500369186531027466e-01,2.721641603568285550e-01,1.000000000000000000e+00
-8.732365495466508420e+00,1.867308873123982949e+01,-9.177492816833131783e+00,1.840269877761348027e+01,4.451273213666286366e-01,2.703899536263494330e-01,1.000000000000000000e+00
-8.694336632611717519e+00,1.892556501884035924e+01,-9.134634847477817843e+00,1.865701608980351978e+01,4.402982148661055972e-01,2.685489290368388016e-01,1.000000000000000000e+00
-8.661056048044796896e+00,1.917613553295617379e+01,-9.096605984623026941e+00,1.890949237740404598e+01,4.355499365782353194e-01,2.666431555521289187e-01,1.000000000000000000e+00
-8.632442615298842270e+00,1.942473757848434701e+01,-9.063325400056106318e+00,1.916006289151986408e+01,4.308827847572693215e-01,2.646746869644840405e-01,1.000000000000000000e+00
-8.608414948165405534e+00,1.967131049841980328e+01,-9.034711967310151692e+00,1.940866493704803375e+01,4.262970191447514323e-01,2.626455613717662008e-01,1.000000000000000000e+00
-8.588891438545077861e+00,1.991579565765481874e+01,-9.010684300176714956e+00,1.965523785698349002e+01,4.217928616316423684e-01,2.605578006713262784e-01,1.000000000000000000e+00
-8.573790293633964055e+00,2.015813642628900837e+01,-8.991160790556387283e+00,1.989972301621850193e+01,4.173704969224285022e-01,2.584134100705031134e-01,1.000000000000000000e+00
-8.563029572444325055e+00,2.039827816246619108e+01,-8.976059645645273477e+00,2.014206378485269511e+01,4.130300732009536957e-01,2.562143776134935269e-01,1.000000000000000000e+00
-8.556527221657933779e+00,2.063616819475448594e+01,-8.965298924455634477e+00,2.038220552102987781e+01,4.087717027977059714e-01,2.539626737246065691e-01,1.000000000000000000e+00
-8.554201110811098019e+00,2.087175580408580799e+01,-8.958796573669243202e+00,2.062009555331817268e+01,4.045954628581504564e-01,2.516602507676355405e-01,1.000000000000000000e+00
-8.555969066810442669e+00,2.110499220527076147e+01,-8.956470462822407441e+00,2.085568316264949473e+01,4.005013960119700456e-01,2.493090426212642985e-01,1.000000000000000000e+00
-8.561748907778966355e+00,2.133583052810479685e+01,-8.958238418821752092e+00,2.108891956383444821e+01,3.964895110427910097e-01,2.469109642703479768e-01,1.000000000000000000e+00
-8.571458476232097112e+00,2.156422579808139517e+01,-8.964018259790275778e+00,2.131975788666848359e+01,3.925597835581839390e-01,2.444679114129091335e-01,1.000000000000000000e+00
-8.585015671583716923e+00,2.179013491672778358e+01,-8.973727828243406535e+00,2.154815315664508191e+01,3.887121566596948852e-01,2.419817600827010029e-01,1.000000000000000000e+00
-8.602338481982510388e+00,2.201351664157866139e+01,-8.987285023595026345e+00,2.177406227529147031e+01,3.849465416125212314e-01,2.394543662871895240e-01,1.000000000000000000e+00
-8.623345015479097597e+00,2.223433156580311021e+01,-9.004607833993819810e+00,2.199744400014234813e+01,3.812628185147274862e-01,2.368875656607614122e-01,1.000000000000000000e+00
-8.647953530524819854e+00,2.245254209749982266e+01,-9.025614367490407020e+00,2.221825892436680050e+01,3.776608369655924391e-01,2.342831731330241585e-01,1.000000000000000000e+00
-8.676082465803196087e+00,2.266811243867554282e+01,-9.050222882536129276e+00,2.243646945606351295e+01,3.741404167329384634e-01,2.316429826120300906e-01,1.000000000000000000e+00
-8.707650469395353809e+00,2.288100856392146198e+01,-9.078351817814505509e+00,2.265203979723922956e+01,3.707013484191569730e-01,2.289687666822290968e-01,1.000000000000000000e+00
-8.742576427280985385e+00,2.309119819880215729e+01,-9.109919821406663232e+00,2.286493592248514517e+01,3.673433941256831203e-01,2.262622763170074602e-01,1.000000000000000000e+00
